{
    "loss": 0.015951255336403847,
    "accuracy": 0.9901960492134094
}